<annotation>
	<folder>train</folder>
	<filename>34.jpg</filename>
	<path>C:\Users\minjun\Desktop\o_b\data\images\train\34.jpg</path>
	<source>
		<database>Unknown</database>
	</source>
	<size>
		<width>800</width>
		<height>600</height>
		<depth>3</depth>
	</size>
	<segmented>0</segmented>
	<object>
		<name>busan</name>
		<pose>Unspecified</pose>
		<truncated>0</truncated>
		<difficult>0</difficult>
		<bndbox>
			<xmin>308</xmin>
			<ymin>105</ymin>
			<xmax>670</xmax>
			<ymax>372</ymax>
		</bndbox>
	</object>
</annotation>
