<annotation>
	<folder>train</folder>
	<filename>51.jpg</filename>
	<path>C:\Users\minjun\Desktop\o_b\data\images\train\51.jpg</path>
	<source>
		<database>Unknown</database>
	</source>
	<size>
		<width>800</width>
		<height>600</height>
		<depth>3</depth>
	</size>
	<segmented>0</segmented>
	<object>
		<name>busan</name>
		<pose>Unspecified</pose>
		<truncated>0</truncated>
		<difficult>0</difficult>
		<bndbox>
			<xmin>196</xmin>
			<ymin>91</ymin>
			<xmax>653</xmax>
			<ymax>462</ymax>
		</bndbox>
	</object>
</annotation>
